{
    "comment": "",
    "manual_seed": null,
    "openpmd_configuration": {},
    "openpmd_granularity": 1,
    "use_gpu": false,
    "use_horovod": false,
    "use_mpi": false,
    "verbosity": 1,
    "data": {
        "data_splitting_type": "by_snapshot",
        "input_rescaling_type": "None",
        "number_of_clusters": 40,
        "output_rescaling_type": "None",
        "sample_ratio": 0.5,
        "shuffling_seed": null,
        "snapshot_directories_list": [],
        "train_ratio": 0.1,
        "use_clustering": false,
        "use_fast_tensor_data_set": false,
        "use_lazy_loading": false,
        "_parameters_type": "ParametersData"
    },
    "datageneration": {
        "local_psp_name": null,
        "local_psp_path": null,
        "ofdft_friction": 0.1,
        "ofdft_kedf": "WT",
        "ofdft_number_of_timesteps": 0,
        "ofdft_temperature": 0,
        "ofdft_timestep": 0,
        "trajectory_analysis_below_average_counter": 50,
        "trajectory_analysis_denoising_width": 100,
        "trajectory_analysis_estimated_equilibrium": 0.1,
        "_parameters_type": "ParametersDataGeneration"
    },
    "descriptors": {
        "atomic_density_cutoff": null,
        "atomic_density_sigma": 0.3265038254255204,
        "bispectrum_cutoff": 4.67637,
        "bispectrum_switchflag": 1,
        "bispectrum_twojmax": 10,
        "descriptor_type": "Bispectrum",
        "descriptors_contain_xyz": true,
        "lammps_compute_file": "",
        "use_atomic_density_energy_formula": false,
        "use_y_splitting": 0,
        "use_z_splitting": true,
        "_parameters_type": "ParametersDescriptors"
    },
    "hyperparameters": {
        "acsd_points": 100,
        "checkpoint_name": "checkpoint_mala_ho",
        "checkpoints_each_trial": 0,
        "direction": "minimize",
        "hlist": [],
        "hyper_opt_method": "optuna",
        "n_trials": 100,
        "naswot_pruner_batch_size": 0,
        "naswot_pruner_cutoff": 0,
        "number_bad_trials_before_stopping": null,
        "number_training_per_trial": 1,
        "pruner": null,
        "rdb_storage": null,
        "rdb_storage_heartbeat": null,
        "sqlite_timeout": 600,
        "study_name": null,
        "trial_ensemble_evaluation": "mean",
        "use_multivariate": true,
        "_parameters_type": "ParametersHyperparameterOptimization"
    },
    "network": {
        "bidirection": false,
        "dropout": 0.1,
        "layer_activations": [
            "Sigmoid"
        ],
        "layer_sizes": [
            91,
            100,
            11
        ],
        "loss_function_type": "mse",
        "nn_type": "feed-forward",
        "no_hidden_state": false,
        "num_heads": 10,
        "num_hidden_layers": 1,
        "_parameters_type": "ParametersNetwork"
    },
    "running": {
        "after_before_training_metric": "ldos",
        "checkpoint_name": "checkpoint_mala",
        "checkpoints_each_epoch": 0,
        "during_training_metric": "ldos",
        "early_stopping_epochs": 0,
        "early_stopping_threshold": 0,
        "inference_data_grid": [
            0,
            0,
            0
        ],
        "learning_rate": 0.5,
        "learning_rate_decay": 0.1,
        "learning_rate_patience": 0,
        "learning_rate_scheduler": null,
        "max_number_epochs": 100,
        "mini_batch_size": 10,
        "num_workers": 0,
        "profiler_range": [
            1000,
            2000
        ],
        "training_report_frequency": 1000,
        "trainingtype": "SGD",
        "use_compression": false,
        "use_graphs": false,
        "use_mixed_precision": false,
        "use_shuffling_for_samplers": true,
        "verbosity": true,
        "visualisation": 0,
        "visualisation_dir": "./mala_logging",
        "visualisation_dir_append_date": true,
        "weight_decay": 0,
        "_parameters_type": "ParametersRunning"
    },
    "targets": {
        "ldos_gridoffset_ev": -5,
        "ldos_gridsize": 11,
        "ldos_gridspacing_ev": 2.5,
        "pseudopotential_path": "./models",
        "rdf_parameters": {
            "number_of_bins": 500,
            "rMax": "mic"
        },
        "restrict_targets": "zero_out_negative",
        "ssf_parameters": {
            "number_of_bins": 100,
            "kMax": 12.0
        },
        "target_type": "LDOS",
        "tpcf_parameters": {
            "number_of_bins": 20,
            "rMax": "mic"
        },
        "_parameters_type": "ParametersTargets"
    }
}
