{
    "fermi_energy_dft": 8.5918,
    "temperature": 299.98637294316444,
    "number_of_electrons_exact": 4.0,
    "band_energy_dft_calculation": 12.102152340494495,
    "total_energy_dft_calculation": -72.95901541660092,
    "grid_dimensions": [
        18,
        18,
        27
    ],
    "electrons_per_atom": 2.0,
    "number_of_electrons_from_eigenvals": 3.9999689122366386,
    "ibrav": 0,
    "ecutwfc": 40.0,
    "ecutrho": 160.0,
    "degauss": 0.0019,
    "pseudopotentials": {
        "Be": "Be.pbe-n-rrkjus_psl.1.0.0.UPF"
    },
    "voxel": {
        "array": [
            [
                0.1255458815426554,
                0.0,
                0.0
            ],
            [
                -0.0627729407713277,
                0.10872587206297814,
                0.0
            ],
            [
                0.0,
                0.0,
                0.13221772447684954
            ]
        ]
    },
    "atoms": {
        "numbers": [
            4,
            4
        ],
        "positions": [
            [
                0.524474850277104,
                0.20311925052481256,
                2.6810763920570033
            ],
            [
                0.6054378576242078,
                1.7539473505391407,
                0.8888014908701738
            ]
        ],
        "cell": [
            [
                2.259825867767797,
                0.0,
                0.0
            ],
            [
                -1.1299129338838985,
                1.9570656971336065,
                0.0
            ],
            [
                0.0,
                0.0,
                3.5698785608749377
            ]
        ],
        "pbc": [
            true,
            true,
            true
        ]
    }
}